population,n_responder_samples,n_non_responder_samples,mean_percent_responders,mean_percent_non_responders,mannwhitneyu_statistic,p_value,significant_at_0.05
b_cell,993,975,9.797552613770158,9.996319710875161,459971.0,0.055702309738266245,False
cd4_t_cell,993,975,30.53780834185009,29.90226177625406,515276.0,0.013344218813937624,True
cd8_t_cell,993,975,24.88193159509671,24.94392435752586,478176.0,0.6390858847346418,False
monocyte,993,975,19.941763178422633,20.084327940698326,466510.0,0.16315013268752876,False
nk_cell,993,975,14.84094427086041,15.07316621464659,464546.0,0.1210507982042857,False
